{
  "alien_07.wav": 0.5380208333333333,
  "alien_08.wav": 0.6547291666666667,
  "alien_09.wav": 0.60175,
  "alien_10.wav": 0.6110416666666667,
  "alien_11.wav": 0.308625,
  "alien_12.wav": 0.44133333333333336,
  "attack_01.wav": 0.18841666666666668,
  "attack_02.wav": 0.6895625,
  "attack_03.wav": 0.5100208333333334,
  "attack_04.wav": 1.0193125,
  "attack_05.wav": 0.13285416666666666,
  "breath_02.wav": 0.3562916666666667,
  "bug_05.wav": 0.33495833333333336,
  "bug_06.wav": 0.4190833333333333,
  "bug_07.wav": 0.45547916666666666,
  "bug_08.wav": 0.348,
  "bug_09.wav": 0.30022916666666666,
  "bug_10.wav": 0.3776041666666667,
  "bug_11.wav": 0.3453333333333333,
  "bug_12.wav": 0.304125,
  "bug_13.wav": 0.2786666666666667,
  "die_01.wav": 0.4706666666666667,
  "die_02.wav": 0.6562083333333333,
  "die_03.wav": 0.6546666666666666,
  "die_04.wav": 0.7813333333333333,
  "grunt_06.wav": 0.629375,
  "grunt_07.wav": 0.77525,
  "grunt_08.wav": 0.5710208333333333,
  "grunt_09.wav": 0.6792708333333334,
  "human_01.wav": 0.6227708333333334,
  "human_02.wav": 0.7505,
  "human_03.wav": 0.7718125,
  "human_04.wav": 0.656,
  "human_05.wav": 0.6227708333333334,
  "human_06.wav": 0.7505,
  "human_07.wav": 0.7718125,
  "human_08.wav": 0.656,
  "misc_10.wav": 0.7928125,
  "misc_11.wav": 0.7230833333333333,
  "misc_12.wav": 0.3132083333333333,
  "misc_13.wav": 0.65275,
  "misc_14.wav": 0.48072916666666665,
  "misc_15.wav": 0.35175,
  "misc_16.wav": 0.5622916666666666,
  "misc_17.wav": 0.4508333333333333,
  "misc_18.wav": 0.4516875,
  "misc_19.wav": 0.30083333333333334,
  "misc_20.wav": 0.3643125,
  "misc_21.wav": 0.35522916666666665,
  "misc_22.wav": 0.3329166666666667,
  "monster_08.wav": 0.481,
  "monster_09.wav": 0.5497083333333334,
  "monster_10.wav": 0.4926875,
  "monster_11.wav": 0.404,
  "monster_12.wav": 0.6091041666666667,
  "monster_13.wav": 0.6957708333333333,
  "monster_14.wav": 0.5175833333333333,
  "monster_15.wav": 0.3954375,
  "monster_16.wav": 0.7198958333333333,
  "monster_17.wav": 0.8707291666666667,
  "monster_18.wav": 0.7884791666666666,
  "monster_19.wav": 1.4217083333333334,
  "monster_20.wav": 1.52275,
  "roar_04.wav": 0.9063333333333333,
  "roar_05.wav": 1.127375,
  "roar_06.wav": 0.9461666666666667,
  "slime_01.wav": 0.5384166666666667,
  "slime_02.wav": 0.5343541666666667,
  "slime_03.wav": 0.453875,
  "slime_04.wav": 0.5373333333333333,
  "slime_05.wav": 0.6034166666666667,
  "slime_06.wav": 0.44666666666666666,
  "slime_07.wav": 0.37585416666666666,
  "slime_08.wav": 0.63,
  "snore_02.wav": 0.9309583333333333,
  "stomp_01.wav": 0.44327083333333334,
  "weird_06.wav": 0.9216041666666667,
  "weird_07.wav": 0.4232916666666667,
  "weird_08.wav": 0.38329166666666664,
  "weird_09.wav": 0.32829166666666665
}