{
  "alien_01.wav": 0.6952291666666667,
  "alien_02.wav": 0.7831666666666667,
  "alien_03.wav": 0.82925,
  "alien_04.wav": 0.7197916666666667,
  "alien_05.wav": 0.4525208333333333,
  "alien_06.wav": 0.41729166666666667,
  "barking_01.wav": 0.3983541666666667,
  "barking_02.wav": 0.4590416666666667,
  "breath.wav": 0.668,
  "bug_01.wav": 0.5788958333333334,
  "bug_02.wav": 0.5742291666666667,
  "bug_03.wav": 0.3537708333333333,
  "bug_04.wav": 0.44508333333333333,
  "burble_01.wav": 0.9893333333333333,
  "burble_02.wav": 0.924,
  "burp_01.wav": 0.6884583333333333,
  "burp_02.wav": 0.8191666666666667,
  "cough_01.wav": 0.4276041666666667,
  "cough_02.wav": 0.3498541666666667,
  "cough_03.wav": 0.8350833333333333,
  "cute_01.wav": 0.39025,
  "cute_02.wav": 0.46,
  "cute_03.wav": 0.6113958333333334,
  "cute_04.wav": 0.5138333333333334,
  "cute_05.wav": 0.5073333333333333,
  "cute_06.wav": 0.44,
  "cute_07.wav": 0.292,
  "cute_08.wav": 0.38266666666666665,
  "cute_09.wav": 0.6048958333333333,
  "cute_10.wav": 0.4813125,
  "eat_01.wav": 0.5816875,
  "eat_02.wav": 0.389875,
  "eat_03.wav": 0.2722291666666667,
  "eat_04.wav": 0.450125,
  "grunt_01.wav": 0.9327708333333333,
  "grunt_02.wav": 0.5349583333333333,
  "grunt_03.wav": 0.6657083333333333,
  "grunt_04.wav": 0.6108958333333333,
  "grunt_05.wav": 0.6499166666666667,
  "howl.wav": 0.7169583333333334,
  "hurt_01.wav": 0.495,
  "hurt_02.wav": 0.48022916666666665,
  "hurt_03.wav": 0.4580625,
  "hurt_04.wav": 0.34910416666666666,
  "hurt_05.wav": 0.4504375,
  "misc_01.wav": 0.5791458333333334,
  "misc_02.wav": 0.3784166666666667,
  "misc_03.wav": 0.24666666666666667,
  "misc_04.wav": 0.4849791666666667,
  "misc_05.wav": 0.788,
  "misc_06.wav": 0.4559166666666667,
  "misc_07.wav": 0.47789583333333335,
  "misc_08.wav": 0.5,
  "misc_09.wav": 0.6512708333333334,
  "monster_01.wav": 0.9977708333333334,
  "monster_02.wav": 0.5767708333333333,
  "monster_03.wav": 0.778875,
  "monster_04.wav": 1.2733333333333334,
  "monster_05.wav": 0.42791666666666667,
  "monster_06.wav": 0.8335625,
  "monster_07.wav": 1.1312708333333332,
  "nose.wav": 0.348,
  "ooh.wav": 0.7385416666666667,
  "roar_01.wav": 0.372,
  "roar_02.wav": 0.9026666666666666,
  "roar_03.wav": 0.45841666666666664,
  "scream_01.wav": 0.9604583333333333,
  "scream_02.wav": 0.9604583333333333,
  "snore.wav": 0.44133333333333336,
  "spit_01.wav": 0.48814583333333333,
  "spit_02.wav": 0.6866875,
  "spit_03.wav": 0.36133333333333334,
  "troll_01.wav": 0.5711458333333334,
  "troll_02.wav": 0.793875,
  "troll_03.wav": 0.42041666666666666,
  "weird_01.wav": 0.6036041666666667,
  "weird_02.wav": 0.45777083333333335,
  "weird_03.wav": 0.3875208333333333,
  "weird_04.wav": 0.30441666666666667,
  "weird_05.wav": 0.6706666666666666
}