{
  "goblin-1.wav": 0.20364583333333333,
  "goblin-10.wav": 0.18333333333333332,
  "goblin-11.wav": 0.291125,
  "goblin-12.wav": 0.6734166666666667,
  "goblin-13.wav": 0.20208333333333334,
  "goblin-14.wav": 0.2682291666666667,
  "goblin-15.wav": 0.5145625,
  "goblin-2.wav": 0.25,
  "goblin-3.wav": 0.947375,
  "goblin-4.wav": 0.5150833333333333,
  "goblin-5.wav": 0.2843333333333333,
  "goblin-6.wav": 0.24479166666666666,
  "goblin-7.wav": 0.2526041666666667,
  "goblin-8.wav": 0.18433333333333332,
  "goblin-9.wav": 0.45414583333333336
}