{
  "goblin-1.wav": 0.23958333333333334,
  "goblin-10.wav": 0.2156875,
  "goblin-11.wav": 0.3425,
  "goblin-12.wav": 0.79225,
  "goblin-13.wav": 0.23775,
  "goblin-14.wav": 0.3155625,
  "goblin-15.wav": 0.605375,
  "goblin-2.wav": 0.294125,
  "goblin-3.wav": 1.1145625,
  "goblin-4.wav": 0.6059791666666666,
  "goblin-5.wav": 0.3345,
  "goblin-6.wav": 0.288,
  "goblin-7.wav": 0.2971875,
  "goblin-8.wav": 0.21685416666666665,
  "goblin-9.wav": 0.5342916666666667
}