{
  "1.wav": 0.6522708333333334,
  "10.wav": 0.6722708333333334,
  "2.wav": 0.630375,
  "3.wav": 0.7706041666666666,
  "4.wav": 0.7466875,
  "5.wav": 0.7613541666666667,
  "6.wav": 0.7721041666666667,
  "7.wav": 0.8527708333333334,
  "8.wav": 0.5625416666666667,
  "9.wav": 0.6165625,
  "Preview (Female).wav": 38.177375,
  "Preview (Male).wav": 41.680104166666666,
  "congratulations.wav": 1.5339583333333333,
  "correct.wav": 0.6572291666666666,
  "final_round.wav": 1.0786458333333333,
  "game_over.wav": 1.3782708333333333,
  "go.wav": 0.6508958333333333,
  "hold.wav": 0.6945833333333333,
  "hurry_up.wav": 0.6763125,
  "its_a_tie.wav": 1.0495208333333332,
  "level.wav": 0.7435625,
  "level_up.wav": 0.8111041666666666,
  "mission_completed.wav": 1.2625833333333334,
  "mission_failed.wav": 1.1071666666666666,
  "new_highscore.wav": 1.2319375,
  "objective_achieved.wav": 1.424625,
  "power_up.wav": 0.7972916666666666,
  "ready.wav": 0.687625,
  "round.wav": 0.7400416666666667,
  "set.wav": 0.5422916666666666,
  "time_over.wav": 0.9523125,
  "war_call_for_backup.wav": 1.032375,
  "war_cover_me.wav": 0.6023541666666666,
  "war_fire_in_the_hole.wav": 1.380625,
  "war_get_down.wav": 0.8536666666666667,
  "war_go_go_go.wav": 0.9846041666666666,
  "war_hold.wav": 0.49345833333333333,
  "war_look_out.wav": 0.6075833333333334,
  "war_medic.wav": 0.6668125,
  "war_reloading.wav": 0.9219791666666667,
  "war_rpg.wav": 0.9681875,
  "war_sniper.wav": 0.8180625,
  "war_suppressing_fire.wav": 1.235,
  "war_supressing_fire.wav": 1.25375,
  "war_target_destroyed.wav": 1.3414791666666666,
  "war_target_engaged.wav": 1.1206875,
  "war_watch_my_back.wav": 0.9594375,
  "wrong.wav": 0.7073541666666666,
  "you_lose.wav": 1.3690625,
  "you_win.wav": 1.00775
}